[

      {
    "model": "projects.ProjectNature",
    "pk": 1,
    "fields": {
      "nature": "Tests d'intrusion internes"
    }
  },
  {
    "model": "projects.ProjectNature",
    "pk": 2,
    "fields": {
      "nature": "Tests d'intrusion externe"
    }
  },
  {
    "model": "projects.ProjectNature",
    "pk": 3,
    "fields": {
      "nature": "Audit organisationnel"
    }
  },
  {
    "model": "projects.ProjectNature",
    "pk": 4,
    "fields": {
      "nature": "Audit sécurité physique"
    }
  }
]