[
    {
        "pk": 1,
        "model": "vulns.vulnseveritymatrix",
        "fields": {
            "exploitation_complexity": 1,
            "exploitation_impact": 1,
            "severity": "fort"
        }
    },
    {
        "pk": 2,
        "model": "vulns.vulnseveritymatrix",
        "fields": {
            "exploitation_complexity": 1,
            "exploitation_impact": 3,
            "severity": "faible"
        }
    },
    {
        "pk": 3,
        "model": "vulns.vulnseveritymatrix",
        "fields": {
            "exploitation_complexity": 1,
            "exploitation_impact": 2,
            "severity": "fort"
        }
    },
    {
        "pk": 4,
        "model": "vulns.vulnseveritymatrix",
        "fields": {
            "exploitation_complexity": 2,
            "exploitation_impact": 3,
            "severity": "faible"
        }
    },
    {
        "pk": 5,
        "model": "vulns.vulnseveritymatrix",
        "fields": {
            "exploitation_complexity": 2,
            "exploitation_impact": 2,
            "severity": "moyen"
        }
    },
    {
        "pk": 6,
        "model": "vulns.vulnseveritymatrix",
        "fields": {
            "exploitation_complexity": 2,
            "exploitation_impact": 1,
            "severity": "fort"
        }
    },
    {
        "pk": 7,
        "model": "vulns.vulnseveritymatrix",
        "fields": {
            "exploitation_complexity": 3,
            "exploitation_impact": 3,
            "severity": "faible"
        }
    },
    {
        "pk": 8,
        "model": "vulns.vulnseveritymatrix",
        "fields": {
            "exploitation_complexity": 3,
            "exploitation_impact": 2,
            "severity": "faible"
        }
    },
    {
        "pk": 9,
        "model": "vulns.vulnseveritymatrix",
        "fields": {
            "exploitation_complexity": 3,
            "exploitation_impact": 1,
            "severity": "moyen"
        }
    }
]